{"cameraMode":{"drawMode":0,"name":"Shaded","section":"Shading Mode"},"sceneLighting":true,"audioPlay":false,"sceneViewState":{"m_AlwaysRefresh":false,"showFog":true,"showSkybox":true,"showFlares":true,"showImageEffects":true,"showParticleSystems":true,"showVisualEffectGraphs":true,"m_FxEnabled":true},"in2DMode":false,"pivot":{"x":4.30332612991333,"y":-22.166919708251954,"z":44.46063995361328},"rotation":{"x":-0.24377009272575379,"y":0.020944343879818918,"z":-0.005265780258923769,"w":-0.9695938229560852},"size":37.72066879272461,"orthographic":false}